show_id,type,title,director,cast,country,date_added,release_year,rating,duration,listed_in,description,duration_value,duration_unit,date_added_parsed,year_added,month_added,country_list,listed_in_list,cast_list,gold_rating,pred_rating_global_mode,pred_rating_type_mode
80201827,Movie,Trip to Bhangarh: Asia's Most Haunted Place,Jitender Pawar,"Manish Chaudhary, Suzanna Mukherjee, Piyush Raina, Rachit Behl, Rohit Chaudhury, Vikram Kochhar, Poonam Pandey",India,"November 1, 2017",2014,,113 min,"International Movies, Thrillers","To amuse themselves, six college friends decide to pay a visit to a fortress believed by some to be the most haunted place in Asia.",113,min,2017-11-01,2017.0,11.0,['India'],"['International Movies', 'Thrillers']","['Manish Chaudhary', 'Suzanna Mukherjee', 'Piyush Raina', 'Rachit Behl', 'Rohit Chaudhury', 'Vikram Kochhar', 'Poonam Pandey']",TV-MA,TV-MA,TV-MA
80241410,TV Show,Soundtrack,,"Paul James, Callie Hernandez, Marianne Jean-Baptiste, Jenna Dewan, Jahmil French, Megan Ferguson, Madeleine Stowe, Campbell Scott, Isaiah Givens",United States,"December 18, 2019",2019,,1 Season,"Romantic TV Shows, TV Dramas","Love, loss and transformative luck intersect in this musical drama about two struggling artists experiencing life at full volume in Los Angeles.",1,Season,2019-12-18,2019.0,12.0,['United States'],"['Romantic TV Shows', 'TV Dramas']","['Paul James', 'Callie Hernandez', 'Marianne Jean-Baptiste', 'Jenna Dewan', 'Jahmil French', 'Megan Ferguson', 'Madeleine Stowe', 'Campbell Scott', 'Isaiah Givens']",TV-MA,TV-MA,TV-MA
70071832,Movie,Life in a ... Metro,Anurag Basu,"Dharmendra, Irrfan Khan, Konkona Sen Sharma, Kay Kay Menon, Shilpa Shetty, Shiney Ahuja, Sharman Joshi, Kangana Ranaut, Nafisa Ali, Manoj Pahwa",India,"November 1, 2018",2007,,126 min,"Dramas, International Movies, Music & Musicals",A group of Mumbai up-and-comers search for love and struggle for success in this ensemble drama that centers on an eager young call-center executive.,126,min,2018-11-01,2018.0,11.0,['India'],"['Dramas', 'International Movies', 'Music & Musicals']","['Dharmendra', 'Irrfan Khan', 'Konkona Sen Sharma', 'Kay Kay Menon', 'Shilpa Shetty', 'Shiney Ahuja', 'Sharman Joshi', 'Kangana Ranaut', 'Nafisa Ali', 'Manoj Pahwa']",TV-14,TV-MA,TV-MA
80062011,Movie,Walt Disney Animation Studios Short Films Collection,"Chris Buck, Jennifer Lee, Patrick Osborne, Lauren MacMullan, John Kahrs, Nathan Greno, Byron Howard, Stevie Wermers, Dean Wellins, Kevin Deters, Roger Allers, Mike Gabriel, Mark Henn","Kristen Bell, Josh Gad, Jonathan Groff, Idina Menzel, Geoffrey Jones, Alfre Woodard, Carrie Harrington, Tim Hodge, David Murray, Sarah Chalke, Dave Foley, Derek Richardson, Betty White, Zachary Levi, Mandy Moore",United States,"October 25, 2015",2015,,90 min,Children & Family Movies,"This collection of 12 short films from Disney includes ""Frozen Fever,"" the Mickey Mouse short ""Get a Horse!"" and Oscar winners ""Paperman"" and ""Feast.""",90,min,2015-10-25,2015.0,10.0,['United States'],['Children & Family Movies'],"['Kristen Bell', 'Josh Gad', 'Jonathan Groff', 'Idina Menzel', 'Geoffrey Jones', 'Alfre Woodard', 'Carrie Harrington', 'Tim Hodge', 'David Murray', 'Sarah Chalke', 'Dave Foley', 'Derek Richardson', 'Betty White', 'Zachary Levi', 'Mandy Moore']",TV-G,TV-MA,TV-MA
81142595,TV Show,Voice,,"Andrew Gregson, Khemanit Jamikorn, Nattarat Nopparattayaporn, Pat Chatborirak, Nuttanan Kunnawat, Piyawatt Nivatvongs, Chalad Na Songkhla, Saranyoo Prachakit, Thanongsak Supasap, Supasit Chinvinijkul, Phuksanunt Tanamahataweekit",,"November 5, 2019",2019,,1 Season,"Crime TV Shows, International TV Shows, TV Dramas","In this remake of the Korean thriller, an esteemed detective and a talented cop join forces to nail the killer who took the lives of their loved ones.",1,Season,2019-11-05,2019.0,11.0,[],"['Crime TV Shows', 'International TV Shows', 'TV Dramas']","['Andrew Gregson', 'Khemanit Jamikorn', 'Nattarat Nopparattayaporn', 'Pat Chatborirak', 'Nuttanan Kunnawat', 'Piyawatt Nivatvongs', 'Chalad Na Songkhla', 'Saranyoo Prachakit', 'Thanongsak Supasap', 'Supasit Chinvinijkul', 'Phuksanunt Tanamahataweekit']",TV-14,TV-MA,TV-MA
80113612,TV Show,Fauda,,"Lior Raz, Hisham Suliman, Shadi Mar'i, Laëtitia Eïdo, Tsahi Halevi, Yuval Segal, Neta Garty, Tomer Kapon, Itzik Cohen, Rona-Lee Shim'on, Boaz Konforty, Doron Ben-David",Israel," May 24, 2018",2018,,2 Seasons,"International TV Shows, TV Action & Adventure, TV Dramas","A top Israeli agent comes out of retirement to hunt for a Palestinian militant he thought he'd killed, setting a chaotic chain of events into motion.",2,Season,,,,['Israel'],"['International TV Shows', 'TV Action & Adventure', 'TV Dramas']","['Lior Raz', 'Hisham Suliman', ""Shadi Mar'i"", 'Laëtitia Eïdo', 'Tsahi Halevi', 'Yuval Segal', 'Neta Garty', 'Tomer Kapon', 'Itzik Cohen', ""Rona-Lee Shim'on"", 'Boaz Konforty', 'Doron Ben-David']",TV-MA,TV-MA,TV-MA
80156688,TV Show,Flint Town,,,United States,"March 2, 2018",2018,,1 Season,"Docuseries, Science & Nature TV","Over a two-year period, filmmakers embedded with cops in Flint, Michigan, reveal a department grappling with volatile issues in untenable conditions.",1,Season,2018-03-02,2018.0,3.0,['United States'],"['Docuseries', 'Science & Nature TV']",[],TV-MA,TV-MA,TV-MA
70142386,TV Show,NCIS,,"Mark Harmon, Michael Weatherly, Pauley Perrette, David McCallum, Sean Murray, Cote de Pablo, Brian Dietzen, Rocky Carroll, Lauren Holly, Sasha Alexander, Joe Spano, Alan Dale, Emily Wickersham, Pancho Demmings",United States," July 1, 2018",2017,,15 Seasons,"Crime TV Shows, TV Dramas, TV Mysteries",Follow the quirky agents of the NCIS – the Naval Criminal Investigative Service – as they track down terrorists and other high-profile criminals.,15,Season,,,,['United States'],"['Crime TV Shows', 'TV Dramas', 'TV Mysteries']","['Mark Harmon', 'Michael Weatherly', 'Pauley Perrette', 'David McCallum', 'Sean Murray', 'Cote de Pablo', 'Brian Dietzen', 'Rocky Carroll', 'Lauren Holly', 'Sasha Alexander', 'Joe Spano', 'Alan Dale', 'Emily Wickersham', 'Pancho Demmings']",TV-14,TV-MA,TV-MA
80211590,Movie,God's Not Dead: A Light in Darkness,Michael Mason,"David A.R. White, John Corbett, Shane Harper, Ted McGinley, Jennifer Taylor, Benjamin A. Onyango, Tatum O'Neal, Cissy Houston",United States,"December 4, 2018",2018,,106 min,"Dramas, Faith & Spirituality","After a fire breaks out at his church, a pastor faces a legal battle against university leaders who wish to push the congregation off the campus.",106,min,2018-12-04,2018.0,12.0,['United States'],"['Dramas', 'Faith & Spirituality']","['David A.R. White', 'John Corbett', 'Shane Harper', 'Ted McGinley', 'Jennifer Taylor', 'Benjamin A. Onyango', ""Tatum O'Neal"", 'Cissy Houston']",PG,TV-MA,TV-MA
80173606,Movie,The Motive,Manuel Martín Cuenca,"Javier Gutiérrez, María León, Adelfa Calvo, Adriana Paz, Tenoch Huerta, Rafael Téllez, Antonio de la Torre","Spain, Mexico","August 17, 2018",2017,,114 min,"Comedies, Dramas, International Movies",An aspiring writer with no imagination seeks inspiration for his novel by manipulating the lives of his neighbors so that he can write about them.,114,min,2018-08-17,2018.0,8.0,"['Spain', 'Mexico']","['Comedies', 'Dramas', 'International Movies']","['Javier Gutiérrez', 'María León', 'Adelfa Calvo', 'Adriana Paz', 'Tenoch Huerta', 'Rafael Téllez', 'Antonio de la Torre']",TV-MA,TV-MA,TV-MA
81217437,Movie,Mandi,Shyam Benegal,"Shabana Azmi, Smita Patil, Naseeruddin Shah, Amrish Puri, Kulbhushan Kharbanda, Saeed Jaffrey, Om Puri, Sreela Mazumdar, Neena Gupta",India,"January 1, 2020",1983,,155 min,"Dramas, Independent Movies, International Movies","Forbidden love, fraying loyalties and flagrant hypocrisy emerge when sanctimonious politicians drive a madam’s brothel from the heart of Hyderabad.",155,min,2020-01-01,2020.0,1.0,['India'],"['Dramas', 'Independent Movies', 'International Movies']","['Shabana Azmi', 'Smita Patil', 'Naseeruddin Shah', 'Amrish Puri', 'Kulbhushan Kharbanda', 'Saeed Jaffrey', 'Om Puri', 'Sreela Mazumdar', 'Neena Gupta']",TV-MA,TV-MA,TV-MA
80158148,Movie,Apostle,Gareth Evans,"Dan Stevens, Lucy Boynton, Michael Sheen, Mark Lewis Jones, Bill Milner, Kristine Froseth, Paul Higgins, Richard Elfyn, Elen Rhys, Ross O'Hennessy","United Kingdom, United States","October 12, 2018",2018,,130 min,"Horror Movies, International Movies, Thrillers","In 1905, a drifter on a dangerous mission to rescue his kidnapped sister tangles with a sinister religious cult on an isolated island.",130,min,2018-10-12,2018.0,10.0,"['United Kingdom', 'United States']","['Horror Movies', 'International Movies', 'Thrillers']","['Dan Stevens', 'Lucy Boynton', 'Michael Sheen', 'Mark Lewis Jones', 'Bill Milner', 'Kristine Froseth', 'Paul Higgins', 'Richard Elfyn', 'Elen Rhys', ""Ross O'Hennessy""]",TV-MA,TV-MA,TV-MA
81009829,Movie,Susanne Bartsch: On Top,"Anthony Caronna, Alexander Smith",Susanne Bartsch,United States,"December 10, 2018",2017,,86 min,"Documentaries, LGBTQ Movies","Beyond her larger-than-life persona, this documentary reveals the woman behind the famed event planner, and her legacy as a cultural icon and activist.",86,min,2018-12-10,2018.0,12.0,['United States'],"['Documentaries', 'LGBTQ Movies']",['Susanne Bartsch'],TV-MA,TV-MA,TV-MA
81026251,Movie,Taylor Swift reputation Stadium Tour,Paul Dugdale,Taylor Swift,,"December 31, 2018",2018,,125 min,Music & Musicals,"Taylor Swift takes the stage in Dallas for the reputation Stadium Tour and celebrates a monumental night of music, memories and visual magic.",125,min,2018-12-31,2018.0,12.0,[],['Music & Musicals'],['Taylor Swift'],TV-PG,TV-MA,TV-MA
80081990,Movie,Dream/Killer,Andrew Jenks,"Bill Ferguson, Ryan Ferguson",United States,"November 20, 2019",2015,,109 min,Documentaries,This riveting crime doc follows Bill as he confronts America's broken judicial system after his son is falsely sentenced to 40 years in prison.,109,min,2019-11-20,2019.0,11.0,['United States'],['Documentaries'],"['Bill Ferguson', 'Ryan Ferguson']",TV-MA,TV-MA,TV-MA
81018634,Movie,Prince of Peoria: A Christmas Moose Miracle,Jon Rosenbaum,"Gavin Lewis, Theodore Barnes, Shelby Simmons, Cynthia Kaye McWilliams",United States,"December 17, 2018",2018,,29 min,"Children & Family Movies, Comedies","Teddy's never missed the Festival of Lights, but the bowling alley’s been snowed in! Not to worry – Emil insists the Christmas moose will save the day.",29,min,2018-12-17,2018.0,12.0,['United States'],"['Children & Family Movies', 'Comedies']","['Gavin Lewis', 'Theodore Barnes', 'Shelby Simmons', 'Cynthia Kaye McWilliams']",TV-Y7,TV-MA,TV-MA
80228239,Movie,Guy Martin: Last Flight of the Vulcan Bomber,James Woodroffe,"Guy Martin, Kevin Stone, Shaun Dooley",United Kingdom,"July 26, 2019",2015,,57 min,"Documentaries, International Movies",Guy Martin assists in preparing the last airworthy Vulcan bomber for a farewell tour while revealing the stories behind the iconic aircraft.,57,min,2019-07-26,2019.0,7.0,['United Kingdom'],"['Documentaries', 'International Movies']","['Guy Martin', 'Kevin Stone', 'Shaun Dooley']",TV-G,TV-MA,TV-MA
80118982,Movie,Asu Mare 2,Ricardo Maldonado,"Carlos Alcántara, Emilia Drago, Christian Meier, Andrés Salas, Anahí de Cárdenas, Rodrigo Sánchez Patiño, Denisse Dibós, Javier Delgiudice, Ana Cecilia Natteri",Peru,"December 1, 2016",2015,,100 min,"Comedies, International Movies",To win the heart of his true love – a high-society girl – a hapless commoner plots to change his identity and avoid his embarrassing friends.,100,min,2016-12-01,2016.0,12.0,['Peru'],"['Comedies', 'International Movies']","['Carlos Alcántara', 'Emilia Drago', 'Christian Meier', 'Andrés Salas', 'Anahí de Cárdenas', 'Rodrigo Sánchez Patiño', 'Denisse Dibós', 'Javier Delgiudice', 'Ana Cecilia Natteri']",NR,TV-MA,TV-MA
80173267,Movie,Burlesque: Heart of the Glitter Tribe,Jon Manning,,United States,"June 1, 2017",2017,,76 min,Documentaries,"This revealing documentary probes the onstage personas of Portland, Oregon, burlesque performers who practice wildly different art forms.",76,min,2017-06-01,2017.0,6.0,['United States'],['Documentaries'],[],TV-MA,TV-MA,TV-MA
80987611,Movie,A Billion Colour Story,Padmakumar Narasimhamurthy,"Dhruva Padmakumar, Gaurav Sharma, Vasuki",India,"April 1, 2018",2016,,104 min,"Dramas, Independent Movies, International Movies",The curious child of idealistic interfaith parents observes an increasingly intolerant world as his family faces financial strain.,104,min,2018-04-01,2018.0,4.0,['India'],"['Dramas', 'Independent Movies', 'International Movies']","['Dhruva Padmakumar', 'Gaurav Sharma', 'Vasuki']",TV-PG,TV-MA,TV-MA
80039655,Movie,Mike Epps: Don't Take It Personal,L. Frazier,Mike Epps,United States,"December 18, 2015",2015,,60 min,Stand-Up Comedy,Mike Epps tears up the stage at L.A.'s historic Orpheum Theatre in a special packed with blistering impressions and unapologetically raunchy swagger.,60,min,2015-12-18,2015.0,12.0,['United States'],['Stand-Up Comedy'],['Mike Epps'],TV-MA,TV-MA,TV-MA
80114460,Movie,Minimalism: A Documentary About the Important Things,Matt D'Avella,"Joshua Fields Millburn, Ryan Nicodemus",United States,"November 4, 2019",2016,,78 min,Documentaries,People dedicated to rejecting the American ideal that things bring happiness are interviewed in this documentary showing the virtues of less is more.,78,min,2019-11-04,2019.0,11.0,['United States'],['Documentaries'],"['Joshua Fields Millburn', 'Ryan Nicodemus']",TV-14,TV-MA,TV-MA
81040704,TV Show,Taco Chronicles,,,United States,"July 12, 2019",2019,,1 Season,"Docuseries, International TV Shows, Reality TV","Many of the most popular taco styles have long, rich, little-known histories. Explore some of them in this eye-opening, mouth-watering food adventure.",1,Season,2019-07-12,2019.0,7.0,['United States'],"['Docuseries', 'International TV Shows', 'Reality TV']",[],TV-PG,TV-MA,TV-MA
80167481,Movie,How It Ends,David M. Rosenthal,"Theo James, Forest Whitaker, Kat Graham, Nicole Ari Parker, Mark O'Brien, Grace Dove",United States,"July 13, 2018",2018,,113 min,"Action & Adventure, Sci-Fi & Fantasy","When a mysterious disaster turns the country into a war zone, a young lawyer heads west with his future father-in-law to find his pregnant fiancée.",113,min,2018-07-13,2018.0,7.0,['United States'],"['Action & Adventure', 'Sci-Fi & Fantasy']","['Theo James', 'Forest Whitaker', 'Kat Graham', 'Nicole Ari Parker', ""Mark O'Brien"", 'Grace Dove']",TV-MA,TV-MA,TV-MA
80208906,Movie,Under the Eiffel Tower,Archie Borders,"Matt Walsh, Judith Godreche, Reid Scott, Michaela Watkins, David Wain, Gary Cole",United States,"September 23, 2019",2018,,87 min,"Comedies, Independent Movies, Romantic Movies",An American man in the midst of a mid-life crisis travels to the French countryside to find a new lease on life.,87,min,2019-09-23,2019.0,9.0,['United States'],"['Comedies', 'Independent Movies', 'Romantic Movies']","['Matt Walsh', 'Judith Godreche', 'Reid Scott', 'Michaela Watkins', 'David Wain', 'Gary Cole']",TV-MA,TV-MA,TV-MA
70113347,Movie,Sat Sri Akal,Kamal Sahani,"Kimi Verma, Manpreet Singh, Arun Bali, Dolly Minhas, Avtar Gill, Manmeet Singh, Neelu Kohli, Vivek Shaq, Nirmal Rishi, Pooja Tandon",India,"January 30, 2019",2008,,141 min,"Dramas, Faith & Spirituality, International Movies","Based on true events, this moving story centers on a Punjabi family whose celebration of their faith endures in the face of conflicting attitudes.",141,min,2019-01-30,2019.0,1.0,['India'],"['Dramas', 'Faith & Spirituality', 'International Movies']","['Kimi Verma', 'Manpreet Singh', 'Arun Bali', 'Dolly Minhas', 'Avtar Gill', 'Manmeet Singh', 'Neelu Kohli', 'Vivek Shaq', 'Nirmal Rishi', 'Pooja Tandon']",TV-PG,TV-MA,TV-MA
1067876,Movie,True Grit,Henry Hathaway,"John Wayne, Glen Campbell, Kim Darby, Jeremy Slate, Robert Duvall, Dennis Hopper, Alfred Ryder, Strother Martin, Jeff Corey",United States,"January 1, 2020",1969,,128 min,"Classic Movies, Dramas",Teenage tomboy Mattie Ross enlists the help of crusty lawman Rooster Cogburn to track down the hired hand who murdered her father.,128,min,2020-01-01,2020.0,1.0,['United States'],"['Classic Movies', 'Dramas']","['John Wayne', 'Glen Campbell', 'Kim Darby', 'Jeremy Slate', 'Robert Duvall', 'Dennis Hopper', 'Alfred Ryder', 'Strother Martin', 'Jeff Corey']",G,TV-MA,TV-MA
70044693,Movie,World Trade Center,Oliver Stone,"Nicolas Cage, Michael Peña, Maggie Gyllenhaal, Maria Bello, Stephen Dorff, Jay Hernandez, Michael Shannon, Frank Whaley, Jon Bernthal, Morgan Flynn, Nick Damici, Viola Davis, William Mapother",United States,"November 20, 2019",2006,,129 min,"Action & Adventure, Dramas","Working under treacherous conditions, an army of dedicated rescuers struggles to find anyone who survived the World Trade Center's tragic collapse.",129,min,2019-11-20,2019.0,11.0,['United States'],"['Action & Adventure', 'Dramas']","['Nicolas Cage', 'Michael Peña', 'Maggie Gyllenhaal', 'Maria Bello', 'Stephen Dorff', 'Jay Hernandez', 'Michael Shannon', 'Frank Whaley', 'Jon Bernthal', 'Morgan Flynn', 'Nick Damici', 'Viola Davis', 'William Mapother']",PG-13,TV-MA,TV-MA
81047445,Movie,"Abdullah, The Final Witness",Hashim Nadeem Khan,"Sajid Hasan, Hameed Sheikh, Habibullah Panezai, Imraan Abbas, Sadia, Imran Tareen, Asal Deen, Yameen Shah",Pakistan,"January 15, 2019",2016,,88 min,"Dramas, International Movies","Inspired by real events, this drama follows a trucker jailed after driving five ill-fated travelers across Quetta, and the officer taking on his case.",88,min,2019-01-15,2019.0,1.0,['Pakistan'],"['Dramas', 'International Movies']","['Sajid Hasan', 'Hameed Sheikh', 'Habibullah Panezai', 'Imraan Abbas', 'Sadia', 'Imran Tareen', 'Asal Deen', 'Yameen Shah']",TV-14,TV-MA,TV-MA
81014293,TV Show,Nuestra Lucha Libre,,,,"August 15, 2018",2018,,1 Season,"Docuseries, International TV Shows, Spanish-Language TV Shows","This documentary series lifts the mask on Mexican wrestling, diving into the daily lives of its stars, examining the sport’s cultural impact and more.",1,Season,2018-08-15,2018.0,8.0,[],"['Docuseries', 'International TV Shows', 'Spanish-Language TV Shows']",[],TV-MA,TV-MA,TV-MA
81035868,Movie,An Upper Egyptian,"Ismail Farouk, Hazem Fouda","Mohamed Ramadan, Randa El Behery, Nermin Maher, Inas El Naggar, Mayar El Gheity, Hassan Abdulfattah, Sabri Abdulmonem, Alaa Zenhom, Abdalah Mishrif, Mohamed Soliman",,"June 20, 2019",2014,,85 min,"Comedies, Dramas, International Movies","Eager to settle down, Abdullah searches for the right woman to marry – but the one he truly longs for may not feel the same way.",85,min,2019-06-20,2019.0,6.0,[],"['Comedies', 'Dramas', 'International Movies']","['Mohamed Ramadan', 'Randa El Behery', 'Nermin Maher', 'Inas El Naggar', 'Mayar El Gheity', 'Hassan Abdulfattah', 'Sabri Abdulmonem', 'Alaa Zenhom', 'Abdalah Mishrif', 'Mohamed Soliman']",TV-MA,TV-MA,TV-MA
80240816,TV Show,Inside The Freemasons,,,United Kingdom,"September 15, 2018",2017,,1 Season,"British TV Shows, Docuseries, International TV Shows","Explore the history and future of the Freemasons, a fraternal order steeped in both secrecy and tradition.",1,Season,2018-09-15,2018.0,9.0,['United Kingdom'],"['British TV Shows', 'Docuseries', 'International TV Shows']",[],TV-14,TV-MA,TV-MA
80220655,TV Show,Stay Tuned!,,"Kyoko Yoshine, Hiroki Iijima, Kanako Miyashita, Yo Oizumi, Ken Yasuda",Japan,"March 21, 2019",2019,,1 Season,"International TV Shows, TV Comedies, TV Dramas","She's the most unlikely candidate to ever stumble into the role of a reporter, and she’s keeping everyone on their toes with her eccentric ways.",1,Season,2019-03-21,2019.0,3.0,['Japan'],"['International TV Shows', 'TV Comedies', 'TV Dramas']","['Kyoko Yoshine', 'Hiroki Iijima', 'Kanako Miyashita', 'Yo Oizumi', 'Ken Yasuda']",TV-14,TV-MA,TV-MA
80145085,Movie,The Rat Race,Miriam Chandy Menacherry,,India,"January 1, 2017",2010,,52 min,"Documentaries, International Movies","Examine the troublesome coexistence of humans and rodents in Mumbai, where the byproducts of a big economy have led to a thriving rat population.",52,min,2017-01-01,2017.0,1.0,['India'],"['Documentaries', 'International Movies']",[],TV-PG,TV-MA,TV-MA
80226279,TV Show,Becoming Champions,,,Mexico,"August 1, 2018",2018,,1 Season,"Docuseries, International TV Shows",This series looks at the stories behind the athletes and countries that have achieved World Cup champion status.,1,Season,2018-08-01,2018.0,8.0,['Mexico'],"['Docuseries', 'International TV Shows']",[],TV-G,TV-MA,TV-MA
80177834,Movie,The Guardian Brothers,Gary Wang,"Edward Norton, Dan Fogler, Mike Birbiglia, Bella Thorne, Randall Park, Mel Brooks, Nicole Kidman, Meryl Streep",China,"September 1, 2017",2016,,86 min,"Children & Family Movies, Comedies","When a Chinese family's soup shop is targeted for sabotage by a competitor, two guardians from the spirit world leave retirement to protect them.",86,min,2017-09-01,2017.0,9.0,['China'],"['Children & Family Movies', 'Comedies']","['Edward Norton', 'Dan Fogler', 'Mike Birbiglia', 'Bella Thorne', 'Randall Park', 'Mel Brooks', 'Nicole Kidman', 'Meryl Streep']",TV-Y7-FV,TV-MA,TV-MA
70064205,Movie,Anwar,Manish Jha,"Siddharth Koirala, Nauheed Cyrusi, Manisha Koirala, Rajpal Yadav, Yashpal Sharma, Vijay Raaz, Hiten Tejwani, Sudhir Pandey, Sanjay Mishra, Lalit Tiwari",India,"December 31, 2019",2007,,134 min,"Dramas, Independent Movies, International Movies","Seeking refuge in a Hindu temple after the tragic death of the girl he loved, a Muslim youth is caught by the police, who mistake him for an enemy.",134,min,2019-12-31,2019.0,12.0,['India'],"['Dramas', 'Independent Movies', 'International Movies']","['Siddharth Koirala', 'Nauheed Cyrusi', 'Manisha Koirala', 'Rajpal Yadav', 'Yashpal Sharma', 'Vijay Raaz', 'Hiten Tejwani', 'Sudhir Pandey', 'Sanjay Mishra', 'Lalit Tiwari']",TV-14,TV-MA,TV-MA
81017316,TV Show,Prank Encounters,,Gaten Matarazzo,United States,"October 25, 2019",2019,,1 Season,"Reality TV, TV Comedies, TV Horror",Monstrous frights meet hilarious reveals on this hidden-camera prank show as real people become the stars of their own full-blown horror movie.,1,Season,2019-10-25,2019.0,10.0,['United States'],"['Reality TV', 'TV Comedies', 'TV Horror']",['Gaten Matarazzo'],TV-MA,TV-MA,TV-MA
80206057,Movie,You Can’t Fight Christmas,Kenny Young,"Brely Evans, Andra Fuller, Persia White, Porscha Coleman, Travis Winfrey, Nathan Davis Jr., Dedrick Bonner, Matthew Jones, Larry Poindexter, Richard Gant, Marla Gibbs",United States,"December 19, 2017",2017,,85 min,"Comedies, Romantic Movies","After stepping in to revitalize his family's hotel, a money-minded businessman clashes with the hotel's cheery, Christmas-loving decorator.",85,min,2017-12-19,2017.0,12.0,['United States'],"['Comedies', 'Romantic Movies']","['Brely Evans', 'Andra Fuller', 'Persia White', 'Porscha Coleman', 'Travis Winfrey', 'Nathan Davis Jr.', 'Dedrick Bonner', 'Matthew Jones', 'Larry Poindexter', 'Richard Gant', 'Marla Gibbs']",TV-PG,TV-MA,TV-MA
80104198,TV Show,Lost in Space,,"Molly Parker, Toby Stephens, Max Jenkins, Taylor Russell, Mina Sundwall, Parker Posey, Ignacio Serricchio",United States,"April 13, 2018",2018,,1 Season,"TV Action & Adventure, TV Dramas, TV Sci-Fi & Fantasy","After crash-landing on an alien planet, the Robinson family fights against all odds to survive and escape. But they're surrounded by hidden dangers.",1,Season,2018-04-13,2018.0,4.0,['United States'],"['TV Action & Adventure', 'TV Dramas', 'TV Sci-Fi & Fantasy']","['Molly Parker', 'Toby Stephens', 'Max Jenkins', 'Taylor Russell', 'Mina Sundwall', 'Parker Posey', 'Ignacio Serricchio']",TV-PG,TV-MA,TV-MA
81208888,TV Show,Once Upon A Time In Lingjian Mountain,,"Xu Kai, Sandrine Pinna, Ryan Zhu, Gao Yuer, Cristy Guo, He Wenjun, Zheng Yawen, Li Junhao, Roger Kwok, James Wen",China,"November 23, 2019",2019,,1 Season,"International TV Shows, TV Comedies, TV Sci-Fi & Fantasy","As the nine continents face a crisis, a young disciple joins the Spirit Blade sect and comes under the tutelage of a temperamental sage.",1,Season,2019-11-23,2019.0,11.0,['China'],"['International TV Shows', 'TV Comedies', 'TV Sci-Fi & Fantasy']","['Xu Kai', 'Sandrine Pinna', 'Ryan Zhu', 'Gao Yuer', 'Cristy Guo', 'He Wenjun', 'Zheng Yawen', 'Li Junhao', 'Roger Kwok', 'James Wen']",TV-PG,TV-MA,TV-MA
80219019,Movie,Poster Boys,Shreyas Talpade,"Sunny Deol, Bobby Deol, Shreyas Talpade, Sonali Kulkarni, Tripti Dimri, Samiksha Bhatnagar, Lovely Singh, Purnima Varma",India,"November 27, 2017",2017,,128 min,"Comedies, International Movies","Three men are stunned to find their faces on a poster promoting vasectomies, and must prove to their upset loved ones that they're innocent victims.",128,min,2017-11-27,2017.0,11.0,['India'],"['Comedies', 'International Movies']","['Sunny Deol', 'Bobby Deol', 'Shreyas Talpade', 'Sonali Kulkarni', 'Tripti Dimri', 'Samiksha Bhatnagar', 'Lovely Singh', 'Purnima Varma']",PG-13,TV-MA,TV-MA
80236906,Movie,Judwaa 2,David Dhawan,"Varun Dhawan, Jacqueline Fernandez, Tapsee Pannu, Rajpal Yadav, Sachin Khedekar, Anupam Kher, Zakir Hussain, Pavan Malhotra",India,"March 1, 2018",2017,,145 min,"Action & Adventure, Comedies, International Movies","Separated at birth, twins Raja and Prem couldn't be more different. But when fate puts them both in London, they start being mistaken for each other.",145,min,2018-03-01,2018.0,3.0,['India'],"['Action & Adventure', 'Comedies', 'International Movies']","['Varun Dhawan', 'Jacqueline Fernandez', 'Tapsee Pannu', 'Rajpal Yadav', 'Sachin Khedekar', 'Anupam Kher', 'Zakir Hussain', 'Pavan Malhotra']",TV-14,TV-MA,TV-MA
80214579,Movie,The Rift: The Dark Side of the Moon,Dejan Zečević,"Ken Foree, Katarina Čas, Dragan Mićanović, Monte Markham, Denis Murić, Miroljub Lešo, Sonja Vukićević, Ratko Turčinović, Mick Garris","Serbia, South Korea, Slovenia","February 26, 2018",2016,,92 min,"Horror Movies, Independent Movies, Sci-Fi & Fantasy","When a team of special agents is sent to recover the wreckage of a downed satellite in Serbia, their mission takes a horrifying turn.",92,min,2018-02-26,2018.0,2.0,"['Serbia', 'South Korea', 'Slovenia']","['Horror Movies', 'Independent Movies', 'Sci-Fi & Fantasy']","['Ken Foree', 'Katarina Čas', 'Dragan Mićanović', 'Monte Markham', 'Denis Murić', 'Miroljub Lešo', 'Sonja Vukićević', 'Ratko Turčinović', 'Mick Garris']",TV-MA,TV-MA,TV-MA
80194813,TV Show,We Speak Dance,,Vandana Hart,United States,"January 1, 2018",2018,,1 Season,Docuseries,Trained dancer Vandana Hart travels the world to learn traditional and urban dance styles from the local experts who know them best.,1,Season,2018-01-01,2018.0,1.0,['United States'],['Docuseries'],['Vandana Hart'],TV-14,TV-MA,TV-MA
70033611,Movie,"Justice, My Foot!",Johnnie To,"Stephen Chow, Anita Mui, Carrie Ng, Wai Ai, Benjamin Chan, Ka Sang Cheung, Wing Cho, Paul Chun, Eddy Ko, Chi Ming Lau",Hong Kong,"August 31, 2018",1992,,95 min,"Action & Adventure, Comedies, International Movies",Slick lawyer Sung fears he's been cursed with bad karma and considers giving up his practice – until he's approached by a widow accused of murder.,95,min,2018-08-31,2018.0,8.0,['Hong Kong'],"['Action & Adventure', 'Comedies', 'International Movies']","['Stephen Chow', 'Anita Mui', 'Carrie Ng', 'Wai Ai', 'Benjamin Chan', 'Ka Sang Cheung', 'Wing Cho', 'Paul Chun', 'Eddy Ko', 'Chi Ming Lau']",TV-14,TV-MA,TV-MA
81059812,Movie,World's Weirdest Homes,Storm Theunissen,Charlie Luxton,,"February 1, 2019",2015,,49 min,Movies,"From a bubble-shaped palace to an island built on plastic bottles, tour the world’s most fantastically bizarre residences.",49,min,2019-02-01,2019.0,2.0,[],['Movies'],['Charlie Luxton'],TV-PG,TV-MA,TV-MA
80227113,Movie,Ekşi Elmalar,Yılmaz Erdoğan,"Yılmaz Erdoğan, Farah Zeynep Abdullah, Songül Öden, Şükran Ovalı, Devrim Yakut, Şükrü Özyıldız, Fatih Artman, Cezmi Baskın, Caner Cindoruk, Ersin Korkut",Turkey,"April 4, 2018",2016,,109 min,"Dramas, International Movies","In an eastern Turkish town, suitors knock on the door of the mayor and father of three beautiful daughters who choose to follow their own paths.",109,min,2018-04-04,2018.0,4.0,['Turkey'],"['Dramas', 'International Movies']","['Yılmaz Erdoğan', 'Farah Zeynep Abdullah', 'Songül Öden', 'Şükran Ovalı', 'Devrim Yakut', 'Şükrü Özyıldız', 'Fatih Artman', 'Cezmi Baskın', 'Caner Cindoruk', 'Ersin Korkut']",TV-PG,TV-MA,TV-MA
80038298,Movie,Düğün Dernek,"Selçuk Aydemir, Birkan Pusa","Ahmet Kural, Murat Cemcir, Rasim Öztekin, Devrim Yakut, Barış Yıldız, Ulaş Torun, Zerrin Sümer, Şinasi Yurtsever",Turkey,"March 10, 2017",2013,,102 min,"Comedies, International Movies","On the first day of Ramadan, Ismail joins friends on a road trip to a mosque and encounters his son, who, to Ismail's chagrin, plans a hasty wedding.",102,min,2017-03-10,2017.0,3.0,['Turkey'],"['Comedies', 'International Movies']","['Ahmet Kural', 'Murat Cemcir', 'Rasim Öztekin', 'Devrim Yakut', 'Barış Yıldız', 'Ulaş Torun', 'Zerrin Sümer', 'Şinasi Yurtsever']",TV-PG,TV-MA,TV-MA
80215419,Movie,Joe Rogan: Strange Times,Anthony Giordano,Joe Rogan,,"October 2, 2018",2018,,64 min,Stand-Up Comedy,"Outspoken as ever, comedian Joe Rogan takes on current culture, pro wrestling, pot laws, cats, vegans and more in a stand-up special shot in Boston.",64,min,2018-10-02,2018.0,10.0,[],['Stand-Up Comedy'],['Joe Rogan'],TV-MA,TV-MA,TV-MA
81023638,Movie,Mi Obra Maestra,Gastón Duprat,"Guillermo Francella, Luis Brandoni, Raúl Arévalo, Andrea Frigerio, María Soldi, Mónica Duprat, Mahmoud Azim, Santiago Korovsky, Julio Marticorena, Alejandro Paker","Argentina, Spain","January 25, 2019",2018,,105 min,"Comedies, International Movies","A sly art dealer tries to revive the career of his longtime pal, a surly painter, with a risky plan that tests their morals and friendship.",105,min,2019-01-25,2019.0,1.0,"['Argentina', 'Spain']","['Comedies', 'International Movies']","['Guillermo Francella', 'Luis Brandoni', 'Raúl Arévalo', 'Andrea Frigerio', 'María Soldi', 'Mónica Duprat', 'Mahmoud Azim', 'Santiago Korovsky', 'Julio Marticorena', 'Alejandro Paker']",TV-MA,TV-MA,TV-MA
80150390,Movie,Abhinetri,A. L. Vijay,"Tamannaah Bhatia, Prabhu Deva, Sonu Sood, Sapthagiri, Murli Sharma, R.V. Udhaykumar, Joy Mathew, Hema",India,"May 1, 2018",2016,,131 min,"Comedies, International Movies, Sci-Fi & Fantasy","Due to family pressure, a corporate man reluctantly marries a woman from the village, but in their new home, she abruptly assumes a different persona.",131,min,2018-05-01,2018.0,5.0,['India'],"['Comedies', 'International Movies', 'Sci-Fi & Fantasy']","['Tamannaah Bhatia', 'Prabhu Deva', 'Sonu Sood', 'Sapthagiri', 'Murli Sharma', 'R.V. Udhaykumar', 'Joy Mathew', 'Hema']",TV-14,TV-MA,TV-MA
81079322,TV Show,Dollar,,"Adel Karam, Amel Bouchoucha",Lebanon,"August 8, 2019",2019,,1 Season,"International TV Shows, TV Dramas",Beautiful executive assistant Zeina reluctantly teams up with the self-assured Tarek to chase down an elusive dollar bill worth $1 million.,1,Season,2019-08-08,2019.0,8.0,['Lebanon'],"['International TV Shows', 'TV Dramas']","['Adel Karam', 'Amel Bouchoucha']",TV-MA,TV-MA,TV-MA
80049979,Movie,The Adderall Diaries,Pamela Romanowsky,"James Franco, Ed Harris, Amber Heard, Jim Parrack, Timothée Chalamet, Wilmer Valderrama, Cynthia Nixon, Christian Slater, Michael Cristofer, Danny Flaherty, Adam LeFevre",United States,"July 15, 2018",2015,,87 min,"Dramas, Thrillers",Author Stephen Elliott has a problem separating his own life from incidents in the life of a convicted murderer about whom he's writing a book.,87,min,2018-07-15,2018.0,7.0,['United States'],"['Dramas', 'Thrillers']","['James Franco', 'Ed Harris', 'Amber Heard', 'Jim Parrack', 'Timothée Chalamet', 'Wilmer Valderrama', 'Cynthia Nixon', 'Christian Slater', 'Michael Cristofer', 'Danny Flaherty', 'Adam LeFevre']",R,TV-MA,TV-MA
80163293,TV Show,Mak Cun,,"Erma Fatima, Rahim Razali, Umie Aida, Nora Danish",,"September 29, 2017",2015,,1 Season,"International TV Shows, TV Comedies, TV Dramas",A woman with an entrepreneurial spirit takes life into her own hands by starting a beauty cream business that inspires other women to take chances.,1,Season,2017-09-29,2017.0,9.0,[],"['International TV Shows', 'TV Comedies', 'TV Dramas']","['Erma Fatima', 'Rahim Razali', 'Umie Aida', 'Nora Danish']",TV-PG,TV-MA,TV-MA
81075536,TV Show,Glow Up,,,United Kingdom,"December 6, 2019",2019,,1 Season,"British TV Shows, International TV Shows, Reality TV","In this competition show, aspiring makeup artists navigate colorful challenges to win a career-making opportunity in the beauty industry.",1,Season,2019-12-06,2019.0,12.0,['United Kingdom'],"['British TV Shows', 'International TV Shows', 'Reality TV']",[],TV-14,TV-MA,TV-MA
81090071,Movie,American Factory,"Steven Bognar, Julia Reichert",,United States,"August 21, 2019",2019,,110 min,Documentaries,"In this documentary, hopes soar when a Chinese company reopens a shuttered factory in Ohio. But a culture clash threatens to shatter an American dream.",110,min,2019-08-21,2019.0,8.0,['United States'],['Documentaries'],[],TV-14,TV-MA,TV-MA
81147278,Movie,90 ML,Anita Udeep,"Oviya, Masoom Shankar, Bommu Lakshmi, Monisha Ram, Tej Raj, Shree Gopika, Anson Paul, Devadarshini Chetan",India,"August 13, 2019",2019,,123 min,"Comedies, International Movies, Music & Musicals",Four friends shake up their lives when they meet a new woman in their apartment complex who encourages them to embrace their wild sides.,123,min,2019-08-13,2019.0,8.0,['India'],"['Comedies', 'International Movies', 'Music & Musicals']","['Oviya', 'Masoom Shankar', 'Bommu Lakshmi', 'Monisha Ram', 'Tej Raj', 'Shree Gopika', 'Anson Paul', 'Devadarshini Chetan']",TV-14,TV-MA,TV-MA
80170690,TV Show,Rosario Tijeras,,"Bárbara de Regil, José María de Tavira, Antonio Gaona, Hernán Mendoza, Vanessa Bauche, Christian Vasquez, José Sefami, Ariel López Padilla",Mexico," May 20, 2019",2018,,2 Seasons,"Crime TV Shows, International TV Shows, Spanish-Language TV Shows",Worlds collide when a vengeance-obsessed young woman from the other side of the tracks captures the attention of two well-off friends.,2,Season,,,,['Mexico'],"['Crime TV Shows', 'International TV Shows', 'Spanish-Language TV Shows']","['Bárbara de Regil', 'José María de Tavira', 'Antonio Gaona', 'Hernán Mendoza', 'Vanessa Bauche', 'Christian Vasquez', 'José Sefami', 'Ariel López Padilla']",TV-MA,TV-MA,TV-MA
80211134,Movie,Baadshaho,Milan Luthria,"Ajay Devgn, Emraan Hashmi, Vidyut Jamwal, Ileana D'Cruz, Esha Gupta, Sanjay Mishra, Sunny Leone, Sharad Kelkar, Priyanshu Chatterjee, Denzil Smith",India,"October 16, 2017",2017,,135 min,"Action & Adventure, International Movies","In 1975, during the government-declared Emergency, thief Bhawani and his crew plan a daring robbery to reclaim his royal lover's seized treasures.",135,min,2017-10-16,2017.0,10.0,['India'],"['Action & Adventure', 'International Movies']","['Ajay Devgn', 'Emraan Hashmi', 'Vidyut Jamwal', ""Ileana D'Cruz"", 'Esha Gupta', 'Sanjay Mishra', 'Sunny Leone', 'Sharad Kelkar', 'Priyanshu Chatterjee', 'Denzil Smith']",TV-14,TV-MA,TV-MA
80197301,Movie,Maddman: The Steve Madden Story,Ben Patterson,Steve Madden,United States,"January 1, 2018",2017,,78 min,Documentaries,This documentary chronicles the rise of the footwear designer behind a billion-dollar empire and his subsequent comeback after a financial scandal.,78,min,2018-01-01,2018.0,1.0,['United States'],['Documentaries'],['Steve Madden'],TV-MA,TV-MA,TV-MA
80994423,Movie,Daffedar,Johnson Esthappan,"Tini Tom, Malavikka, Sudheer Karamana, Indrans",India,"July 1, 2018",2017,,151 min,"Dramas, International Movies","A retired government worker continues to dedicate himself to public service, but his principled ways soon clash with those of his extravagant sons.",151,min,2018-07-01,2018.0,7.0,['India'],"['Dramas', 'International Movies']","['Tini Tom', 'Malavikka', 'Sudheer Karamana', 'Indrans']",TV-PG,TV-MA,TV-MA
81072917,Movie,Gatao 2: Rise of the King,Yen Cheng-kuo,"Collin Chou, Jason Wang, Jack Kao, Tsai Chen-nan, Lu Hsueh-feng, Peng Sun",Taiwan,"May 9, 2019",2018,,126 min,"Action & Adventure, Dramas, International Movies","When a zealous gang leader plans to take out a friend-turned-rival for control of his turf, internal tensions complicate the battle to be the boss.",126,min,2019-05-09,2019.0,5.0,['Taiwan'],"['Action & Adventure', 'Dramas', 'International Movies']","['Collin Chou', 'Jason Wang', 'Jack Kao', 'Tsai Chen-nan', 'Lu Hsueh-feng', 'Peng Sun']",TV-MA,TV-MA,TV-MA
70299745,Movie,The Butterfly's Dream,Yılmaz Erdoğan,"Kıvanç Tatlıtuğ, Mert Fırat, Belçim Bilgin, Farah Zeynep Abdullah, Yılmaz Erdoğan, Ahmet Mümtaz Taylan, Taner Birsel, Selman Ünlüsoy, İpek Bilgin, Aksel Bonfil, Devrim Yakut, Salih Kalyon",Turkey,"March 10, 2017",2013,,118 min,"Dramas, International Movies, Romantic Movies","Forced to work in a coal mine during World War II, two young poets find some escape when they both fall for the same woman.",118,min,2017-03-10,2017.0,3.0,['Turkey'],"['Dramas', 'International Movies', 'Romantic Movies']","['Kıvanç Tatlıtuğ', 'Mert Fırat', 'Belçim Bilgin', 'Farah Zeynep Abdullah', 'Yılmaz Erdoğan', 'Ahmet Mümtaz Taylan', 'Taner Birsel', 'Selman Ünlüsoy', 'İpek Bilgin', 'Aksel Bonfil', 'Devrim Yakut', 'Salih Kalyon']",TV-PG,TV-MA,TV-MA
80213715,Movie,Whitney Cummings: Can I Touch It?,Marcus Raboy,Whitney Cummings,,"July 30, 2019",2019,,59 min,Stand-Up Comedy,"In her fourth stand-up special, Whitney Cummings returns to her hometown of Washington, D.C., and riffs on modern feminism, technology and more.",59,min,2019-07-30,2019.0,7.0,[],['Stand-Up Comedy'],['Whitney Cummings'],TV-MA,TV-MA,TV-MA
81035857,Movie,The Bulbul's Nest,Husam El-Gohari,"Kareem Mahmoud Abdel Aziz, Mai Selim, Sad Al-Saghir, Mahmood El-Laithi, Maher Essam, Dina",,"May 9, 2019",2013,,96 min,"Comedies, International Movies","A taxi driver longs to be a pop singer, but the road to stardom is wrought with competition and struggle until he befriends a helpful belly dancer.",96,min,2019-05-09,2019.0,5.0,[],"['Comedies', 'International Movies']","['Kareem Mahmoud Abdel Aziz', 'Mai Selim', 'Sad Al-Saghir', 'Mahmood El-Laithi', 'Maher Essam', 'Dina']",TV-MA,TV-MA,TV-MA
80131280,Movie,Sunday's Illness,Ramón Salazar,"Bárbara Lennie, Susi Sánchez, Miguel Ángel Solá, Richard Bohringer",Spain,"June 15, 2018",2017,,113 min,"Dramas, Independent Movies, International Movies","Decades after being abandoned as a young child, Chiara finds her mother and asks her to spend 10 days together in a remote location.",113,min,2018-06-15,2018.0,6.0,['Spain'],"['Dramas', 'Independent Movies', 'International Movies']","['Bárbara Lennie', 'Susi Sánchez', 'Miguel Ángel Solá', 'Richard Bohringer']",TV-14,TV-MA,TV-MA
81005091,TV Show,Love O2O,,"Shuang Zheng, Yang Yang, Rachel Momo, Bai Yu, Zheng Yecheng, Zhang He",China,"November 9, 2018",2016,,1 Season,"International TV Shows, Romantic TV Shows, TV Dramas","When a computer-science major gets dumped by her “husband” in an online role-playing game, she attracts a new proposal from the game’s top player.",1,Season,2018-11-09,2018.0,11.0,['China'],"['International TV Shows', 'Romantic TV Shows', 'TV Dramas']","['Shuang Zheng', 'Yang Yang', 'Rachel Momo', 'Bai Yu', 'Zheng Yecheng', 'Zhang He']",TV-PG,TV-MA,TV-MA
81016043,Movie,The Promise,Sophon Sakdaphisit,"Bee Namthip, Apichaya Thongkham, Thunyaphat Pattarateerachaicharoen, Panisara Rikulsurakan, Deuntem Salitul, Benjamin Joseph Varney, Suchada Poonpattanasuk, Surachai Ningsanond, Teerapop Songwaja, Duangjai Hiransri, Sawanee Utoomma, Chaleeda Gilbert",Thailand,"September 1, 2018",2017,,113 min,"Horror Movies, International Movies, Thrillers","In the wake of the 1997 financial crisis, two teens whose families face bankruptcy make a suicide pact – but one of them breaks the promise.",113,min,2018-09-01,2018.0,9.0,['Thailand'],"['Horror Movies', 'International Movies', 'Thrillers']","['Bee Namthip', 'Apichaya Thongkham', 'Thunyaphat Pattarateerachaicharoen', 'Panisara Rikulsurakan', 'Deuntem Salitul', 'Benjamin Joseph Varney', 'Suchada Poonpattanasuk', 'Surachai Ningsanond', 'Teerapop Songwaja', 'Duangjai Hiransri', 'Sawanee Utoomma', 'Chaleeda Gilbert']",TV-MA,TV-MA,TV-MA
70058017,Movie,No Reservations,Scott Hicks,"Catherine Zeta-Jones, Aaron Eckhart, Abigail Breslin, Patricia Clarkson, Jenny Wade, Bob Balaban, Brían F. O'Byrne, Lily Rabe",United States,"October 1, 2019",2007,,104 min,"Comedies, Romantic Movies","Kate, an uptight chef, finds her life turned upside down when her sister dies in a car accident and she becomes her niece's sole guardian.",104,min,2019-10-01,2019.0,10.0,['United States'],"['Comedies', 'Romantic Movies']","['Catherine Zeta-Jones', 'Aaron Eckhart', 'Abigail Breslin', 'Patricia Clarkson', 'Jenny Wade', 'Bob Balaban', ""Brían F. O'Byrne"", 'Lily Rabe']",PG,TV-MA,TV-MA
80137087,Movie,Casablancas: The Man Who Loved Women,Hubert Woroniecki,,France,"January 13, 2017",2016,,82 min,"Documentaries, International Movies",The rise and smash success of Elite modeling agency founder John Casablancas is chronicled in this biography of the man who invented the supermodel.,82,min,2017-01-13,2017.0,1.0,['France'],"['Documentaries', 'International Movies']",[],TV-14,TV-MA,TV-MA
81077065,TV Show,Terrace House: Tokyo 2019-2020,,"You, Reina Triendl, Yoshimi Tokui, Azusa Babazono, Ryota Yamasato, Shono Hayama",,"September 10, 2019",2019,,1 Season,"International TV Shows, Reality TV","Six strangers share a fabulous house in Tokyo, looking for love while living under the same roof. With no script, what happens next is all up to them.",1,Season,2019-09-10,2019.0,9.0,[],"['International TV Shows', 'Reality TV']","['You', 'Reina Triendl', 'Yoshimi Tokui', 'Azusa Babazono', 'Ryota Yamasato', 'Shono Hayama']",TV-MA,TV-MA,TV-MA
81033895,TV Show,Hardy Bucks,,"Martin Maloney, Owen Colgan, Chris Tordoff, Peter Cassidy, Tom Kilgallon, Michael Salmon, Wayne Lynch, Tommy Miller",Ireland," January 11, 2019",2018,,4 Seasons,TV Comedies,"A circle of young men entertain vague ambitions involving quick cash, women and showbiz in this mockumentary on small-town Irish life in County Mayo.",4,Season,,,,['Ireland'],['TV Comedies'],"['Martin Maloney', 'Owen Colgan', 'Chris Tordoff', 'Peter Cassidy', 'Tom Kilgallon', 'Michael Salmon', 'Wayne Lynch', 'Tommy Miller']",TV-MA,TV-MA,TV-MA
80201500,TV Show,Safe,,"Michael C. Hall, Amanda Abbington, Marc Warren, Hannah Arterton, Audrey Fleurot, Nigel Lindsay",United Kingdom,"February 5, 2019",2018,,1 Season,"British TV Shows, Crime TV Shows, International TV Shows","After his teenage daughter goes missing, a widowed surgeon in an affluent neighborhood begins unearthing dark secrets about the people closest to him.",1,Season,2019-02-05,2019.0,2.0,['United Kingdom'],"['British TV Shows', 'Crime TV Shows', 'International TV Shows']","['Michael C. Hall', 'Amanda Abbington', 'Marc Warren', 'Hannah Arterton', 'Audrey Fleurot', 'Nigel Lindsay']",TV-MA,TV-MA,TV-MA
80998491,TV Show,After Life,,"Ricky Gervais, Tom Basden, Tony Way, Diane Morgan, Mandeep Dhillon, David Bradley, Ashley Jensen, Kerry Godliman",United Kingdom,"March 8, 2019",2019,,1 Season,"British TV Shows, International TV Shows, TV Comedies","Struggling to come to terms with his wife's death, a writer for a newspaper adopts a gruff new persona in an effort to push away those trying to help.",1,Season,2019-03-08,2019.0,3.0,['United Kingdom'],"['British TV Shows', 'International TV Shows', 'TV Comedies']","['Ricky Gervais', 'Tom Basden', 'Tony Way', 'Diane Morgan', 'Mandeep Dhillon', 'David Bradley', 'Ashley Jensen', 'Kerry Godliman']",TV-MA,TV-MA,TV-MA
70176968,Movie,Tanu Weds Manu,Aanand Rai,"Madhavan, Kangana Ranaut, Jimmy Shergill, Deepak Dobriyal, Swara Bhaskar, Eijaz Khan, K.K. Raina, Rajendra Gupta, Ravi Kishan, Navni Parihar",India,"May 1, 2017",2011,,114 min,"Comedies, Dramas, International Movies","When London-based doctor Manu reluctantly returns to India to find a bride, he meets the girl of his dreams – only to discover she loves another man.",114,min,2017-05-01,2017.0,5.0,['India'],"['Comedies', 'Dramas', 'International Movies']","['Madhavan', 'Kangana Ranaut', 'Jimmy Shergill', 'Deepak Dobriyal', 'Swara Bhaskar', 'Eijaz Khan', 'K.K. Raina', 'Rajendra Gupta', 'Ravi Kishan', 'Navni Parihar']",TV-14,TV-MA,TV-MA
80066806,Movie,Tyke Elephant Outlaw,"Susan Lambert, Stefan Moore",,Australia,"December 1, 2015",2015,,78 min,"Documentaries, International Movies","This documentary recounts a 1994 incident in Honolulu in which a circus elephant attacked and killed its trainer, then ran loose on the city streets.",78,min,2015-12-01,2015.0,12.0,['Australia'],"['Documentaries', 'International Movies']",[],TV-14,TV-MA,TV-MA
80239860,TV Show,"Love, Chunibyo & Other Delusions!",,"Jun Fukuyama, Maaya Uchida, Chinatsu Akasaki, Azumi Asakura, Sumire Uesaka, Yuri Amano, Kaori Fukuhara, Mami Shitara, Soichiro Hoshi, Kikuko Inoue, Eri Sendai, Juri Nagatsuma",Japan," November 1, 2019",2014,,2 Seasons,"Anime Series, Romantic TV Shows, Teen TV Shows","High schooler Yuta wants to leave his past as a delusional weirdo behind. But his classmate Rikka has her own delusions, and she's interested in his.",2,Season,,,,['Japan'],"['Anime Series', 'Romantic TV Shows', 'Teen TV Shows']","['Jun Fukuyama', 'Maaya Uchida', 'Chinatsu Akasaki', 'Azumi Asakura', 'Sumire Uesaka', 'Yuri Amano', 'Kaori Fukuhara', 'Mami Shitara', 'Soichiro Hoshi', 'Kikuko Inoue', 'Eri Sendai', 'Juri Nagatsuma']",TV-PG,TV-MA,TV-MA
80988989,Movie,The Cakemaker,Ofir Raul Graizer,"Sarah Adler, Tim Kalkhof, Roy Miller, Zohar Shtrauss, Sandra Sade, Tamir Ben-Yehuda, Stephanie Stremler, Tagel Eliyahu","Israel, Germany","December 4, 2018",2017,,109 min,"Dramas, Independent Movies, International Movies","When a German baker travels to Jerusalem in search of his dead male lover’s family, his growing involvement with them may expose his truth.",109,min,2018-12-04,2018.0,12.0,"['Israel', 'Germany']","['Dramas', 'Independent Movies', 'International Movies']","['Sarah Adler', 'Tim Kalkhof', 'Roy Miller', 'Zohar Shtrauss', 'Sandra Sade', 'Tamir Ben-Yehuda', 'Stephanie Stremler', 'Tagel Eliyahu']",TV-14,TV-MA,TV-MA
80231601,Movie,The Darkest Dawn,,,United Kingdom,"June 23, 2018",2016,,75 min,"Action & Adventure, International Movies, Sci-Fi & Fantasy",An aspiring filmmaker records the chaos of an alien invasion while struggling to stay alive with her sister and a bickering band of survivors.,75,min,2018-06-23,2018.0,6.0,['United Kingdom'],"['Action & Adventure', 'International Movies', 'Sci-Fi & Fantasy']",[],TV-MA,TV-MA,TV-MA
80124680,Movie,Gad Gone Wild,Mario Rouleau,Gad Elmaleh,France,"January 23, 2017",2017,,57 min,Stand-Up Comedy,French comic Gad Elmaleh regales a Montreal crowd with tales of awkward mix-ups and baffling customs he's encountered since moving to the U.S.,57,min,2017-01-23,2017.0,1.0,['France'],['Stand-Up Comedy'],['Gad Elmaleh'],TV-MA,TV-MA,TV-MA
80007912,TV Show,Dinosaur King,,"Megumi Matsumoto, Matsuri Mizuguchi, Tomoko Kobashi, Asuka Tanii, Seiko Tamura, Veronica Taylor, Sebastian Arcelus, Kether Donohue, Rachael Lillis, Madeleine Blaustein",Japan," June 2, 2018",2008,,2 Seasons,"Anime Series, Kids' TV","Aided by tablets found near a downed meteorite, Max, Rex and Zoe race the evil Alpha Gang as they travel the globe in search of living dinosaurs.",2,Season,,,,['Japan'],"['Anime Series', ""Kids' TV""]","['Megumi Matsumoto', 'Matsuri Mizuguchi', 'Tomoko Kobashi', 'Asuka Tanii', 'Seiko Tamura', 'Veronica Taylor', 'Sebastian Arcelus', 'Kether Donohue', 'Rachael Lillis', 'Madeleine Blaustein']",TV-Y7-FV,TV-MA,TV-MA
80213712,Movie,Grass Is Greener,Fab Five Freddie,,,"April 20, 2019",2019,,98 min,Documentaries,It lit up jazz and hip-hop – and ignited a war on drugs steeped in racial injustice. Experts explore America's complicated relationship with weed.,98,min,2019-04-20,2019.0,4.0,[],['Documentaries'],[],TV-MA,TV-MA,TV-MA
80158301,TV Show,46,Serdar Akar,"Erdal Beşikçioğlu, Yasemin Allen, Melis Birkan, Saygın Soysal, Berkan Şal, Metin Belgin, Ayça Eren, Selin Uludoğan, Özay Fecht, Suna Yıldızoğlu",Turkey,"July 1, 2017",2016,,1 Season,"International TV Shows, TV Dramas, TV Mysteries","A genetics professor experiments with a treatment for his comatose sister that blends medical and shamanic cures, but unlocks a shocking side effect.",1,Season,2017-07-01,2017.0,7.0,['Turkey'],"['International TV Shows', 'TV Dramas', 'TV Mysteries']","['Erdal Beşikçioğlu', 'Yasemin Allen', 'Melis Birkan', 'Saygın Soysal', 'Berkan Şal', 'Metin Belgin', 'Ayça Eren', 'Selin Uludoğan', 'Özay Fecht', 'Suna Yıldızoğlu']",TV-14,TV-MA,TV-MA
80231658,TV Show,No Good Nick,,"Melissa Joan Hart, Sean Astin, Siena Agudong, Lauren Lindsey Donzis, Kalama Epstein",United States," August 5, 2019",2019,,2 Seasons,"Kids' TV, TV Comedies, TV Dramas","A family finds their lives turned upside down when a teenage con artist shows up on their doorstep, claiming she's a distant relative.",2,Season,,,,['United States'],"[""Kids' TV"", 'TV Comedies', 'TV Dramas']","['Melissa Joan Hart', 'Sean Astin', 'Siena Agudong', 'Lauren Lindsey Donzis', 'Kalama Epstein']",TV-PG,TV-MA,TV-MA
80132964,Movie,Best Worst Thing That Ever Could Have Happened,Lonny Price,"Stephen Sondheim, Harold Prince, Jason Alexander, Mandy Patinkin, Lonny Price",United States,"March 18, 2017",2016,,97 min,Documentaries,"The cast and crew of the 1981 Broadway musical ""Merrily We Roll Along"" recall joy and heartbreak during the production of a surefire hit that wasn't.",97,min,2017-03-18,2017.0,3.0,['United States'],['Documentaries'],"['Stephen Sondheim', 'Harold Prince', 'Jason Alexander', 'Mandy Patinkin', 'Lonny Price']",TV-14,TV-MA,TV-MA
81044496,Movie,The Burial of Kojo,"Sam ""Blitz"" Bazawule","Cynthia Dankwa, Ama K. Abebrese, Joseph Otsiman, Kobina Amissah Sam, Mamley Djangmah, Henry Adofo, Anima Misa, Brian Angels","Ghana, United States","March 31, 2019",2018,,81 min,"Dramas, Independent Movies, International Movies","When a man is left to die inside an illegal gold mine, his daughter travels through a magical landscape to save him.",81,min,2019-03-31,2019.0,3.0,"['Ghana', 'United States']","['Dramas', 'Independent Movies', 'International Movies']","['Cynthia Dankwa', 'Ama K. Abebrese', 'Joseph Otsiman', 'Kobina Amissah Sam', 'Mamley Djangmah', 'Henry Adofo', 'Anima Misa', 'Brian Angels']",TV-14,TV-MA,TV-MA
80014727,Movie,Last Knights,Kazuaki Kiriya,"Clive Owen, Morgan Freeman, Cliff Curtis, Aksel Hennie, Peyman Moaadi, Ayelet Zurer, Shohreh Aghdashloo, Tsuyoshi Ihara, Ahn Sung-kee","United Kingdom, South Korea","August 1, 2019",2015,,115 min,Action & Adventure,A nobleman who values his people's well-being over his emperor's edicts is killed. His knights vow revenge.,115,min,2019-08-01,2019.0,8.0,"['United Kingdom', 'South Korea']",['Action & Adventure'],"['Clive Owen', 'Morgan Freeman', 'Cliff Curtis', 'Aksel Hennie', 'Peyman Moaadi', 'Ayelet Zurer', 'Shohreh Aghdashloo', 'Tsuyoshi Ihara', 'Ahn Sung-kee']",R,TV-MA,TV-MA
70266679,Movie,The Rover,David Michôd,"Guy Pearce, Robert Pattinson, Scoot McNairy, David Field, Anthony Hayes, Gillian Jones, Susan Prior, Nash Edgerton","Australia, United States","July 19, 2018",2014,,103 min,"International Movies, Thrillers","Set in a chaotic future, this Outback saga follows loner Eric's brutal ordeal when a criminal gang takes his car and leaves him nowhere with nothing.",103,min,2018-07-19,2018.0,7.0,"['Australia', 'United States']","['International Movies', 'Thrillers']","['Guy Pearce', 'Robert Pattinson', 'Scoot McNairy', 'David Field', 'Anthony Hayes', 'Gillian Jones', 'Susan Prior', 'Nash Edgerton']",R,TV-MA,TV-MA
81029848,Movie,Bucket List,Tejas Prabha Vijay Deoskar,"Madhuri Dixit, Sumeet Raghvan, Renuka Shahane, Milind Pathak, Vandana Gupte, Pradeep Velankar, Shubha Khote, Resham Tipnis",India,"November 5, 2018",2018,,129 min,"Dramas, International Movies","After getting a heart transplant, a 40-year-old homemaker in Pune makes the life-changing decision to complete the bucket list of her 20-year-old donor.",129,min,2018-11-05,2018.0,11.0,['India'],"['Dramas', 'International Movies']","['Madhuri Dixit', 'Sumeet Raghvan', 'Renuka Shahane', 'Milind Pathak', 'Vandana Gupte', 'Pradeep Velankar', 'Shubha Khote', 'Resham Tipnis']",TV-14,TV-MA,TV-MA
81063743,Movie,Manusangada,Amshan Kumar,"Rajeev Anand, Manimegalai, A.S. Sasi Kumar, Vidhur Rajarajan, Sheela Rajkumar, Sethu Darwin, Anand Sampath, Karuna Prasad",India,"February 2, 2019",2017,,93 min,"Dramas, Independent Movies, International Movies","When caste discrimination prevents a villager from giving his deceased father a rightful burial, he takes his fight for equality to court.",93,min,2019-02-02,2019.0,2.0,['India'],"['Dramas', 'Independent Movies', 'International Movies']","['Rajeev Anand', 'Manimegalai', 'A.S. Sasi Kumar', 'Vidhur Rajarajan', 'Sheela Rajkumar', 'Sethu Darwin', 'Anand Sampath', 'Karuna Prasad']",TV-14,TV-MA,TV-MA
80141781,Movie,Bibi & Tina: Tohuwabohu Total,Detlev Buck,"Lina Larissa Strahl, Lisa-Marie Koroll, Louis Held, Lea van Acken, Emilio Sakraya, Michael Maertens, Martin Seifert",Germany,"December 27, 2017",2017,,106 min,"Children & Family Movies, Music & Musicals",Teen witch Bibi and her pal Tina return to the screen to reconcile a runaway girl with her narrow-minded family and save Falkenstein Castle from chaos.,106,min,2017-12-27,2017.0,12.0,['Germany'],"['Children & Family Movies', 'Music & Musicals']","['Lina Larissa Strahl', 'Lisa-Marie Koroll', 'Louis Held', 'Lea van Acken', 'Emilio Sakraya', 'Michael Maertens', 'Martin Seifert']",TV-14,TV-MA,TV-MA
70279188,TV Show,Julius Jr.,,"Elizabeth Daily, Julie Lemieux, Athena Karkanis, Benjamin Israel, Stephanie Lynn Robinson",United States," November 3, 2015",2014,,2 Seasons,Kids' TV,Paul Frank's fun artwork comes to life in this show that follows monkey Julius Jr. and his friends as they explore the world and help each other out.,2,Season,,,,['United States'],"[""Kids' TV""]","['Elizabeth Daily', 'Julie Lemieux', 'Athena Karkanis', 'Benjamin Israel', 'Stephanie Lynn Robinson']",TV-Y,TV-MA,TV-MA
80189955,Movie,Manolo: The Boy Who Made Shoes for Lizards,Michael Roberts,"Manolo Blahnik, Anna Wintour, André Leon Talley, Paloma Picasso, Candace Bushnell, Iman, Rihanna, Naomi Campbell, Isaac Mizrahi, Rupert Everett, Sofia Coppola, John Galliano",United Kingdom,"January 15, 2018",2017,,89 min,"Documentaries, International Movies","As legendary shoe designer Manolo Blahnik speaks about his creative process, his celebrity admirers chime in with their own takes on his work.",89,min,2018-01-15,2018.0,1.0,['United Kingdom'],"['Documentaries', 'International Movies']","['Manolo Blahnik', 'Anna Wintour', 'André Leon Talley', 'Paloma Picasso', 'Candace Bushnell', 'Iman', 'Rihanna', 'Naomi Campbell', 'Isaac Mizrahi', 'Rupert Everett', 'Sofia Coppola', 'John Galliano']",TV-MA,TV-MA,TV-MA
70053412,Movie,To and From New York,Sorin Dan Mihalcescu,"Barbara King, Shaana Diya, John Krisiukenas, Yoriko Haraguchi, David Crane, Chad Thomas",United States,"January 1, 2008",2006,,81 min,"Dramas, Independent Movies, Thrillers","While covering a story in New York City, a Seattle-based reporter uncovers a link between two missing women that changes her article entirely.",81,min,2008-01-01,2008.0,1.0,['United States'],"['Dramas', 'Independent Movies', 'Thrillers']","['Barbara King', 'Shaana Diya', 'John Krisiukenas', 'Yoriko Haraguchi', 'David Crane', 'Chad Thomas']",NR,TV-MA,TV-MA
80225024,Movie,The Competition,Harvey Lowry,"Thora Birch, Chris Klein, Claire Coffee, David Blue, Kelsey Tucker, Michael Draper, Jason Tobias, Gabrielle Stone, Catherine Johnson, Tiffany Fallon",United States,"July 23, 2019",2018,,103 min,"Comedies, Romantic Movies","After developing an ""infidelity formula"" said to repel cheating, a popular blogger crosses paths with a charming lawyer willing to put it to the test.",103,min,2019-07-23,2019.0,7.0,['United States'],"['Comedies', 'Romantic Movies']","['Thora Birch', 'Chris Klein', 'Claire Coffee', 'David Blue', 'Kelsey Tucker', 'Michael Draper', 'Jason Tobias', 'Gabrielle Stone', 'Catherine Johnson', 'Tiffany Fallon']",TV-14,TV-MA,TV-MA
60020892,Movie,Exit Wounds,Andrzej Bartkowiak,"Steven Seagal, DMX, Isaiah Washington, Anthony Anderson, Michael Jai White, Bill Duke, Jill Hennessy, Tom Arnold, Bruce McGill, David Vadim, Eva Mendes",United States,"October 1, 2019",2001,,101 min,Action & Adventure,Maverick cop Orin Boyd joins forces with an unlikely ally in gangster Latrell Walker to take down a group of dirty Detroit cops.,101,min,2019-10-01,2019.0,10.0,['United States'],['Action & Adventure'],"['Steven Seagal', 'DMX', 'Isaiah Washington', 'Anthony Anderson', 'Michael Jai White', 'Bill Duke', 'Jill Hennessy', 'Tom Arnold', 'Bruce McGill', 'David Vadim', 'Eva Mendes']",R,TV-MA,TV-MA
81002451,TV Show,My Husband Won't Fit,,"Natsumi Ishibashi, Aoi Nakamura",Japan,"March 20, 2019",2019,,1 Season,"International TV Shows, Romantic TV Shows, TV Dramas","Kumiko and Kenichi meet in college and build a happy marriage together. But over time, an unusual problem threatens to destroy their relationship.",1,Season,2019-03-20,2019.0,3.0,['Japan'],"['International TV Shows', 'Romantic TV Shows', 'TV Dramas']","['Natsumi Ishibashi', 'Aoi Nakamura']",TV-MA,TV-MA,TV-MA
80097349,Movie,The Fundamentals of Caring,Rob Burnett,"Paul Rudd, Craig Roberts, Selena Gomez, Jennifer Ehle, Megan Ferguson, Frederick Weller, Bobby Cannavale",United States,"June 24, 2016",2016,,97 min,"Comedies, Dramas, Independent Movies","In this inspirational buddy comedy, a young shut-in and his caregiver take a road trip in search of landmarks, but end up finding hope and friendship.",97,min,2016-06-24,2016.0,6.0,['United States'],"['Comedies', 'Dramas', 'Independent Movies']","['Paul Rudd', 'Craig Roberts', 'Selena Gomez', 'Jennifer Ehle', 'Megan Ferguson', 'Frederick Weller', 'Bobby Cannavale']",TV-MA,TV-MA,TV-MA
60035996,Movie,Sliver,Phillip Noyce,"Sharon Stone, William Baldwin, Tom Berenger, Polly Walker, Colleen Camp, Amanda Foreman, Martin Landau, CCH Pounder, Nina Foch, Keene Curtis",United States,"January 1, 2020",1993,,107 min,Thrillers,"A divorcée moves into a high-rise with a sordid past and begins a steamy affair with her neighbor, unaware that her every move is being monitored.",107,min,2020-01-01,2020.0,1.0,['United States'],['Thrillers'],"['Sharon Stone', 'William Baldwin', 'Tom Berenger', 'Polly Walker', 'Colleen Camp', 'Amanda Foreman', 'Martin Landau', 'CCH Pounder', 'Nina Foch', 'Keene Curtis']",R,TV-MA,TV-MA
